Id,Name,Number of employees,Annual revenue,Website,Phone,Display phone,Address,City,State,Zipcode,Country,Facebook,Twitter,LinkedIn,Last contacted time,Last contacted mode,Last contacted via chat,Last activity type,Last activity date,Recent note,Industry type,Business type,Territory,Column1,Created at,Updated at,Active sales sequences,Completed sales sequences,Last assigned at,Column2,Column3,Column4,Owner id,Owner,Created by id,Created by,Updated by id,Updated by,Import ID,Inside Sales Collaboration,To be deleted,Cloud Provider,Hosting Provider,Renewal month,Email Renewal Date,Present Email Service Provider,Cloud Billing Frequency,Segment,Microsoft Agreement,Account Type,Tags
2002150599,Mahathi Software Pvt Ltd.,51-200,,www.mahathi.com/contacts.html,,,"7380 Sand Lake Road, ",Suite 500 ,"Orlando, FL",32819,USA,,,,2024-02-03 06:00:12 UTC,Outgoing email,,Email,2024-02-03 06:00:12 UTC,"
Schedule the demo on 25th Sep,2017.",Hospitality,Prospect,,,2017-07-26 08:53:02 UTC,2023-09-21 10:30:59 UTC,,;;;;March 2021 - All Contacts;Surface Outreach April;Contacts MicrosoftDirectProgram Leads;,2023-09-21 10:31:00 UTC,,,,2000031227,,2000031252,,2000077892,Manish Gupta,,,,,,,2017-08-22 18:30:00 UTC,Microsoft Office 365,,,,,
2002153967,Nray Enterprises,10-Jan,,nray.in/contact.html,098739 30018,,"D - 195 Sector 10 , 1st Floor",Noida,Uttar Pradesh,201301,India,,,,2024-02-01 05:28:08 UTC,Outgoing email,,Email,2024-02-01 05:28:08 UTC,closed the deal with Tech Jockey,Technology,Customer,,,2017-07-27 06:01:09 UTC,2024-01-23 12:27:36 UTC,,;;;;;;;;March 2021 - All Contacts;Surface Outreach April;Contacts MicrosoftDirectProgram Leads;,2023-10-23 08:17:36 UTC,,,,2000079865,,2000031235,,2000077892,Manish Gupta,,,,,,,,Microsoft Office 365,,,,,
2002153976,Koyo Bearings India Private Limited.,51-200,,www.jtekt.co.jp/e/,,," Plot # 8-9, Sector 8, Industrial Model Twp",Bawal,Haryana,123501,India,,,,2022-03-09 16:45:02 UTC,Outgoing email,,Phone,2019-06-10 08:56:33 UTC,,Automotive,Customer,,,2017-07-27 06:25:04 UTC,2023-08-21 16:54:56 UTC,;March 2021 - All Contacts,;;;;;Compassionate - Active Contacts;;;;;;March 2021 - Contacts;March 2021 - All Contacts;Surface Outreach April;Contacts MicrosoftDirectProgram Leads;,2022-04-15 07:53:12 UTC,,,,2000077892,Manish Gupta,2000031235,,2000077892,Manish Gupta,,,,,,,,Microsoft Office 365,,,,,
2002153986,BWSSC,51-200,,bwssc.in,,,"405, 4th Floor, DLF City Court Sikenderpur, ","Gurugram,", Haryana,122002,India,,,,2024-02-01 05:22:47 UTC,Email opened by recipient,,Email,2024-02-01 05:22:47 UTC,Ahsaan-' Still i have not received any confirmation of the payment done. I will share the details once it gets done'.,Consumer Products,Customer,,,2017-07-27 06:34:56 UTC,2024-03-07 11:52:02 UTC,March 2021 - Contacts,;;;;;;;;;March 2021 - All Contacts;Surface Outreach April;Contacts MicrosoftDirectProgram Leads;,2024-02-07 12:16:02 UTC,,,,2000069069,,2000031235,,0,,,,,,,,,Microsoft Office 365,,,,,
2002154062,A. V. Systems,,,avsystems.co.in/contact-us/,'+91-11-26382324',,"No. 7 / 29, Shyam Nagar, Behind Chandiwala, Estate, Okhla Industrial, Area, Phase - 3,  ",New Delhi,Delhi ,110020,India,,,,,,,,,"There is no contact updated in this account. Also, the landline number +91-11-26382324 is not ringing.",Other,Customer,,,2017-07-27 07:57:06 UTC,2023-08-26 06:44:23 UTC,,,,,,,2000031227,,2000031227,,2000031227,,,,,,,,,Google,,,,,
2002154148,Mansui Trading Pvt.Ltd.,10-Jan,,,,,"C-17, 2nd Floor, Omaxe City Centre, Sohna Road, Sector 49, ","Gurugram, ",Haryana ,122018,India,,,,2024-02-03 06:01:39 UTC,Email opened by recipient,,Email,2024-02-03 06:01:39 UTC,,Automotive,Customer,,,2017-07-27 09:40:38 UTC,2023-08-03 11:37:03 UTC,March 2021 - Contacts,;;;;Compassionate - Active Contacts;;;;;March 2021 - All Contacts;Surface Outreach April;Contacts MicrosoftDirectProgram Leads;,2022-04-15 07:53:12 UTC,,,,2000077892,Manish Gupta,2000031235,,0,,,,,,,,,Others,,,,,
2002154569,ACS Infotech Pvt. Ltd.,51-200,,www.acsinfotech.com,'+91-11-40614000/01 ',,"C 130 First Floor, Sector 2, C Block, Noida, Uttar Pradesh 201301",Noida,Uttar Pradesh,201301,India,,,,2024-02-02 06:39:48 UTC,Outgoing email,,Email,2024-02-02 06:39:48 UTC,"Tried calling Mr. Sanjay on his mobile number, but he is not responding to the calls. No one answered the landline number as well.",Software,Customer,,,2017-07-27 10:25:35 UTC,2024-02-19 08:39:44 UTC,,;;;;Compassionate - Active Contacts;;;;;;;;;March 2021 - All Contacts;Surface Outreach April;Surface Lead - April 2021;Contacts MicrosoftDirectProgram Leads;,2024-02-14 06:32:57 UTC,,,,2000031227,,2000031227,,2000077892,Manish Gupta,,,,,,,,Others,,,,,
2002154692,"Saigun Technologies Pvt. Ltd. / Empxtrack, Inc",51-200,,www.empxtrack.com,'+91-120-4737900',,"A-27/E, Sector 16 ",Noida ,Uttar Pradesh,201301,India,,,,2024-02-02 06:36:28 UTC,Email opened by recipient,,Email,2024-02-02 06:36:28 UTC,,Software,Customer,,,2017-07-27 10:45:48 UTC,2023-08-03 09:48:04 UTC,,;;;;Compassionate - Active Contacts;;;;;March 2021 - All Contacts;Surface Outreach April;Contacts MicrosoftDirectProgram Leads;,,,,,2000031227,,2000031227,,0,,,,,,,,,Others,,,,,
2002154892,QVC Realty Co. Limited,Nov-50,,www.qvcrealty.com,080 4025 0333,,"619 Aceron Tervezo 1st Floor 6B Main, 17A Cross, 2nd Stage, Indiranagar,",Bengaluru,Karnataka ,560038,India,,,,2020-06-06 05:36:16 UTC,Email opened by recipient,,Email,2020-06-06 05:36:16 UTC,,Real Estate,Prospect,,,2017-07-27 12:45:27 UTC,2023-11-09 06:26:22 UTC,;March 2021 - All Contacts,Compassionate - Active Contacts;Surface Outreach April;Contacts MicrosoftDirectProgram Leads;,,,,,2000031227,,2000031227,,2000077892,Manish Gupta,,,,,,,,Microsoft Office 365,,,,,
2002156158,Light Ray Advisors - Elevation Capital,Nov-50,,elevationcapital.com,'+91-124-4965500',,"1502, 15th Floor, One Horizon, Sector 43, DLF Phase V, Golf Course Road,",Gurgaon,Haryana,122002,INDIA,,,https://www.linkedin.com/company/elevationcap/about/,2024-02-02 06:38:41 UTC,Email opened by recipient,,Email,2024-02-02 06:38:41 UTC,Bhupender-' I  was not available for the last 4 to 5 days. I will have to check the status of the payment done. I will update you after the same'.,Financial Services,Customer,,,2017-07-28 05:39:47 UTC,2024-03-07 12:11:45 UTC,;,;;;;Compassionate - Active Contacts;;;;;March 2021 - All Contacts;Surface Outreach April;Contacts MicrosoftDirectProgram Leads;;,2023-09-20 10:07:21 UTC,,,,2000031227,,2000031255,,0,,,,,,,,,Google,,SMB - Commercial,,,
2002156223,Neco Industries Limited,,,www.necoindia.com/contact-us/,'+91-7104-237276',,"F-8, MIDC INDL. AREA, Hingna Road,",Nagpur ,Maharashtra ,440016,India,,,,2024-02-03 06:01:40 UTC,Email opened by recipient,,Email,2024-02-03 06:01:40 UTC,"Had a word with Mr. Vinay, he conveyed that the renewal of his M365 Subscriptions is in the month of April. Currently, they have 100 Business Basic licenses, but he might upgrade them to either Business Standard or Apps for Business. Quantity might be increased to 200-250. He asked to connect in the month of March 2023. Actual date of Renewal is 1st May. Email Solution is Google workspace.

",Engineering,Prospect,,,2017-07-28 07:25:44 UTC,2023-11-25 09:54:46 UTC,,Compassionate - Active Contacts;;;;;March 2021 - All Contacts;Surface Outreach April;Contacts MicrosoftDirectProgram Leads;,,,,,2000031227,,2000031227,,0,,,,,,,,,Google,,,,,
2002201091,Holostik India Ltd.,201-500,,holostik.com,'+91-120-4192799',,"C-117, C Block, Sector 2",Noida,Uttar Pradesh,201301,India,,,,2024-02-02 06:38:51 UTC,Outgoing email,,Email,2024-02-02 06:38:51 UTC,,Manufacturing,,,,2017-07-30 08:39:20 UTC,2024-02-08 04:53:03 UTC,;Compassionate - Active Contacts,;New Sequence;;;;;;Powerhouse (Delhi NCR Mobile Number);Powerhouse Delhi NCR O365 with Mobile Number;Zoom vs Teams;;;;;;;;;March 2021 - All Contacts;Surface Outreach April;Contacts MicrosoftDirectProgram Leads;,2023-08-24 09:46:54 UTC,,,,2000031227,,2000031232,,2000031227,,,,Yes,,,,,Microsoft Office 365,,SMB - Commercial,,,
2002201099,IPE Global Ltd,501-1000,,www.ipeglobal.com,1140755900,,"B-84, Bhishma Pitamah Marg, Block B, Defence Colony",New Delhi,Delhi,110024,India,,,,2024-02-03 06:00:54 UTC,Outgoing email,,Email,2024-02-03 06:00:54 UTC,,Consulting,Customer,,,2017-07-30 09:06:43 UTC,2023-08-19 08:11:34 UTC,;,;;;;Compassionate - Active Contacts;;;;;March 2021 - All Contacts;Surface Outreach April;Contacts MicrosoftDirectProgram Leads;,2023-08-19 08:11:35 UTC,,,,2000077892,Manish Gupta,2000031232,,2000077892,Manish Gupta,,,,,,,2017-03-29 18:30:00 UTC,Microsoft Office 365,,SMB - Commercial,,,
2002201106,Acidaes Solutions Private Limited (CRMNEXT),501-1000,,www.crmnext.com,,,,Mumbai,,,India,,,,2024-02-03 06:01:41 UTC,Outgoing email,,Email,2024-02-03 06:01:41 UTC,,Technology,Prospect,,,2017-07-30 09:21:54 UTC,2023-09-04 06:18:59 UTC,,;;;;;;;;;March 2021 - All Contacts;Surface Outreach April;Contacts MicrosoftDirectProgram Leads;,2023-09-04 06:19:00 UTC,,,,2000031227,,2000031232,,2000077892,Manish Gupta,,,,,,,,Others,,,,,
2002201110,Parijat Industries India Pvt. Ltd,,,,,,"M-77, I & II Floor, M Block Market, Greater Kailash- II,",Dew Delhi,,,,,,,2024-02-03 06:00:13 UTC,Outgoing email,,Email,2024-02-03 06:00:13 UTC,,,,,,2017-07-30 09:38:20 UTC,2023-08-19 08:11:56 UTC,,;;;;Compassionate - Active Contacts;;;;;March 2021 - All Contacts;Surface Outreach April;Contacts MicrosoftDirectProgram Leads;,2023-08-19 08:11:57 UTC,,,,2000077892,Manish Gupta,2000031232,,2000077892,Manish Gupta,,,,,,,2017-02-27 18:30:00 UTC,Microsoft Office 365,,SMB - Commercial,,,
2002201112,Exzeo Software,51-200,,exzeo.com,,,"Block A 42/6, A 42, Block A, Sector 62",Noida,Uttar Pradesh,,,,,,2022-01-04 07:43:57 UTC,Outgoing email,,Email,2022-01-04 07:43:57 UTC,,,,,,2017-07-30 09:44:10 UTC,2023-08-19 07:55:31 UTC,;March 2021 - All Contacts,Compassionate - Active Contacts;Surface Outreach April;Contacts MicrosoftDirectProgram Leads;,2023-08-19 07:55:32 UTC,,,,2000077892,Manish Gupta,2000031232,,2000077892,Manish Gupta,,,,,,,,Others,,,,,Compassionate Referral March 2021
2002201258,Safexpress Pvt Ltd,1001-5000,,www.safexpress.com,1800 113 113,," NH 8, Mahipalpur Extension",New Delhi, Delhi ,110037,India,,,,2024-02-02 06:43:31 UTC,Outgoing email,,Email,2024-02-02 06:43:31 UTC,Call disconnected / company profile share on the mail id.,Shipping,Prospect,,,2017-07-30 15:28:03 UTC,2024-01-24 08:03:23 UTC,,;;;;;Compassionate - Active Contacts;;;;;March 2021 - All Contacts;Surface Outreach April;Contacts MicrosoftDirectProgram Leads;,2023-10-23 08:17:36 UTC,,,,2000079865,,2000031232,,2000077892,Manish Gupta,,,,,,,2017-04-29 18:30:00 UTC,Microsoft Office 365,,,,,Focus
2002201527,Tiger Logistics India Limited,,,www.tigerlogistics.in,011 4735 1111,,Okhla,Delhi,Delhi,110020,India,,,,2024-02-02 06:39:50 UTC,Outgoing email,,Email,2024-02-02 06:39:50 UTC,,Shipping,Customer,,,2017-07-30 15:44:16 UTC,2024-02-16 05:50:38 UTC,,;;;;;;;;March 2021 - All Contacts;Surface Outreach April;Contacts MicrosoftDirectProgram Leads;,2024-02-09 06:33:48 UTC,,,,2000079865,,2000031232,,2000079865,,,,,,,,,Net4India,,,,,Rescue
2002201562,Alok Industries Private Limited,10000+,,www.alokind.com,2261787000,,,,,,,,,,2024-02-02 06:39:14 UTC,Email opened by recipient,,Email,2024-02-02 06:39:14 UTC,,,,,,2017-07-30 17:02:21 UTC,2023-09-04 06:26:37 UTC,,;;;;;Compassionate - Active Contacts;;;;;March 2021 - All Contacts;Surface Outreach April;Contacts MicrosoftDirectProgram Leads;,2023-09-04 06:26:38 UTC,,,,2000031227,,2000031232,,0,,,,,,,,,Others,,,,,
2002201565,Anand Automotive Systems Limited,,,,,,,,,,,,,,2024-02-01 05:25:14 UTC,Outgoing email,,Email,2024-02-01 05:25:14 UTC,,Automotive,Customer,,,2017-07-30 17:11:06 UTC,2023-09-04 06:30:22 UTC,,;;;;Compassionate - Active Contacts;;;;;March 2021 - All Contacts;Surface Outreach April;Contacts MicrosoftDirectProgram Leads;,2023-09-04 06:30:23 UTC,,,,2000031227,,2000031232,,2000077892,Manish Gupta,,,,,,,,Google,,,,,
2002201570,S.Chand & Company Pvt Ltd,1001-5000,,www.schandgroup.com,,,"A-27, 2nd Floor, Mohan Co-operative Industrial Estate, New Delhi South Delhi DL 110044 IN",New Delhi,Delhi,110044,India,,,,2024-02-01 05:30:09 UTC,Email opened by recipient,,Email,2024-02-01 05:30:09 UTC,,Publishing,Customer,,,2017-07-30 17:26:54 UTC,2023-06-08 11:56:47 UTC,;,;;;;;;;;;March 2021 - All Contacts;Surface Outreach April;Contacts MicrosoftDirectProgram Leads;,2022-04-15 07:53:12 UTC,,,,2000077892,Manish Gupta,2000031232,,0,,,,,,,,2017-05-30 18:30:00 UTC,Microsoft Office 365,,,,,
2002201578,BigFoot Retail Solutions Pvt. Ltd,,,,,,,,,,,,,,2019-05-02 08:58:52 UTC,Outgoing email,,Email,2019-05-02 08:58:52 UTC,,Ecommerce,Customer,,,2017-07-30 17:37:08 UTC,2023-09-04 06:45:37 UTC,March 2021 - All Contacts,;;;;;Surface Outreach April;Contacts MicrosoftDirectProgram Leads;,2023-09-04 06:45:38 UTC,,,,2000031227,,2000031232,,2000077892,Manish Gupta,,,,,,,,Others,,,,,Compassionate Referral March 2021
2002201582,Savannah Seeds Private Limited,,,,,,,,,,,,,,2021-04-01 05:36:50 UTC,Outgoing email,,Email,2021-04-01 05:36:50 UTC,,"Food, Beverage & Tobacco",Customer,,,2017-07-30 17:45:21 UTC,2023-08-19 07:55:32 UTC,,;;;;Compassionate - Active Contacts;;;;;March 2021 - All Contacts;Surface Outreach April;Contacts MicrosoftDirectProgram Leads;,2023-08-19 07:55:33 UTC,,,,2000077892,Manish Gupta,2000031232,,2000077892,Manish Gupta,,,,,,,2017-01-29 18:30:00 UTC,Microsoft Office 365,,,,,
2002202412,Avadh Industry,Nov-50,,avadhindustries.com,,,"S. NO. 485, B/H. Apex Electricals Ltd. Samiala",Vadodara,Gujarat,391410,India,,,,2024-02-01 05:29:44 UTC,Outgoing email,,Email,2024-02-01 05:29:44 UTC,Shared with him Windows quotastion and VLAN,Machinery,Prospect,,,2017-07-31 05:16:13 UTC,2023-09-04 06:38:13 UTC,,;;Compassionate - Active Contacts;;;;;March 2021 - All Contacts;Surface Outreach April;Contacts MicrosoftDirectProgram Leads;,2023-09-04 06:38:14 UTC,,,,2000031227,,2000031252,,2000077892,Manish Gupta,,,,,,,2017-07-27 18:30:00 UTC,Microsoft Office 365,,,,,
2002202459,Hi-Lex India Pvt. Ltd.,201-500,,www.hi-lex.co.in,1244565000,,"Plot No 398, Sector-8, IMT Manesar",Gurgaon,Haryana,122050,INDIA,,,,2024-02-03 06:01:05 UTC,Outgoing email,,Email,2024-02-03 06:01:05 UTC,We have shared our commercial offer with the customer for extension and it is on the negotiation stage.,Manufacturing,Customer,,,2017-07-31 06:36:26 UTC,2024-02-27 15:24:42 UTC,;March 2021 - Contacts,;;New Sequence;;;;;;;;;;;Compassionate - Active Contacts;Compassionate - Delhi NCR without Mobile Number;Zoom vs Teams;;;;;March 2021 - All Contacts;Surface Outreach April;Contacts MicrosoftDirectProgram Leads;,2020-04-02 21:07:10 UTC,,,,2000031227,,2000031255,,2000077892,Manish Gupta,,,Yes,,,,2017-08-20 18:30:00 UTC,Microsoft Office 365,,SMB - Commercial,,,
2002202959,Majmudar & Partners,51-200,,www.majmudarindia.com,,,"104, Prestige Meridian - I No. 29 ",M.G. Road ,Bangalore ,560001,India,,,,2019-12-26 06:02:36 UTC,Email opened by recipient,,Email,2019-12-26 06:02:36 UTC,"
Renewal in November. They are work on another project at this time","Finance, Insurance & Banking",Prospect,,,2017-07-31 11:21:01 UTC,2023-09-21 10:30:59 UTC,,,2023-09-21 10:31:00 UTC,,,,2000031227,,2000031252,,2000077892,Manish Gupta,,,Yes,,,,2017-09-27 18:30:00 UTC,Microsoft Office 365,,,,,
2002215591,Avantha Technologies Limited,10000+,,www.avanthabsl.com,1244343434,,"1st Floor, Plot No. 47, Phase IV, Udyog Vihar,",Gurugram,Haryana ,122015,India,,,,2024-02-02 06:40:46 UTC,Email opened by recipient,,Email,2024-02-02 06:40:46 UTC,"Had a word with Rohit earlier on Friday, he said that I can share the company profile with him, and he will share the requirements. He asked me to leave the upcoming renewal, but he will share the new requirements. Their renewal is in March-April.",Technology,Prospect,,,2017-08-02 05:16:03 UTC,2024-02-29 06:26:41 UTC,;March 2021 - Contacts,;;New Sequence;;;;;;Compassionate - Active Contacts;Compassionate - Delhi NCR without Mobile Number;Zoom vs Teams;;;;;;;;;;;;;;March 2021 - All Contacts;Surface Outreach April;Contacts MicrosoftDirectProgram Leads;,2023-09-04 06:38:14 UTC,,,,2000031227,,2000031227,,2000069069,,,,,,,,2017-12-30 18:30:00 UTC,Microsoft Office 365,,,,,Rescue;Mohit April 2020
2002215598,Mark Software Systems,,,,,,,,,,,,,,2020-02-03 05:43:32 UTC,Outgoing email,,Email,2020-02-03 05:43:32 UTC,,,,,,2017-08-02 05:20:19 UTC,2022-03-09 16:34:18 UTC,;March 2021 - All Contacts,;Surface Outreach April;Contacts MicrosoftDirectProgram Leads;,,,,,2000031227,,2000007516,,2000077892,Manish Gupta,,,,,,,,Others,,,,,
2002215620,FLOVEL Energy Private Limited,201-500,,www.flovel.net/contact-getintouch.asp,,,"Vatika Mindscapes  Suite 101-A, Tower – B, 12/3, Mathura Road, Faridabad – 121 003, Haryana, INDIA",Faridabad,Haryana,121003,,,,,2021-08-09 05:45:37 UTC,Outgoing email,,Email,2021-08-09 05:45:37 UTC,,Other,Prospect,,,2017-08-02 05:52:26 UTC,2023-08-19 08:07:32 UTC,March 2021 - All Contacts,;;;Compassionate - Active Contacts;;;;;;Surface Outreach April;Contacts MicrosoftDirectProgram Leads;,2023-08-19 08:07:33 UTC,,,,2000077892,Manish Gupta,2000031252,,2000077892,Manish Gupta,,,,,,,2017-08-01 18:30:00 UTC,Google,,,,,Focus
2002215647,Kapadia Associates Design LLP,51-200,,www.kapl.in,22-6660 2838 /39,,"112, peninsula Centre, Dr SS Rao road, parel East",Mumbai,Maharashtra ,400012,India,,,,2024-02-02 06:38:53 UTC,Outgoing email,,Email,2024-02-02 06:38:53 UTC,"Had a word with customer , they have closed the MS 365 BS licenses for 85 users in Jan month only.

Created a clone for next year follow up and discussed about Security Solutions , Company profile shared also shared.",Other,Prospect,,,2017-08-02 06:47:50 UTC,2024-01-24 09:47:50 UTC,,;;;;March 2021 - All Contacts;Surface Outreach April;Contacts MicrosoftDirectProgram Leads;,2023-10-23 08:17:36 UTC,,,,2000079865,,2000031252,,2000077892,Manish Gupta,,,,,,,2017-08-07 18:30:00 UTC,Microsoft Office 365,,,,,
2002218075,IP Horizons,,,iphorizons.com/index.htm,'+91-80-28541041/042 41529196/197',,"Law Firm Of Naren Thappeta 7, Sigma Soft Tech Park 5th Floor, Beta Block, Whitefield Main Road, Varthur Kodi ",Bengaluru,Karnataka ,560066,India,,,,2020-08-31 07:51:48 UTC,Outgoing email,,Email,2020-08-31 07:51:48 UTC,,,Prospect,,,2017-08-02 07:21:28 UTC,2023-11-09 06:26:28 UTC,;March 2021 - All Contacts,Compassionate - Active Contacts;;Surface Outreach April;Contacts MicrosoftDirectProgram Leads;,,,,,2000031227,,2000031227,,2000077892,Manish Gupta,,,,,,,,Net4India,,,,,
2002218098,AVAALI SOLUTIONS PVT. LTD.,51-200,,www.avaali.com,'+91-80-49602727',,"1st Floor, SV Towers, #27, 80 Feet Road, 6th Block, Koramangala, ",Bangalore ,Karnataka,560095,India,,,,2024-02-01 05:28:50 UTC,Outgoing email,,Email,2024-02-01 05:28:50 UTC,"Had a word with Manju, he said that there is no IT department here. Concern person (Guruprasad) is also not there. You can share the email at guruprasad.m@avaali.com , tomorrow as it is month end, and we are busy with billing. ",Technology,Prospect,,,2017-08-02 07:39:56 UTC,2023-08-31 07:30:23 UTC,,Compassionate - Active Contacts;;;;;March 2021 - All Contacts;Surface Outreach April;Contacts MicrosoftDirectProgram Leads;,,,,,2000031227,,2000031227,,2000077892,Manish Gupta,,,,,,,,Net4India,,,,,
2002218611,Bliss Anand,201-500,,www.blissanand.com,'+91-124-4366000',,"92B & 93B, Sector-5, IMT Manesar, ",Gurgaon,Haryana,122050,India,,,,2024-02-03 05:59:50 UTC,Outgoing email,,Email,2024-02-03 05:59:50 UTC,"Had a word with Mr. Satish with reference to his Crowd Strike renewal due in the next month, he said that yes, please share the commercials with me. He has shared the details with Priyanka. I have asked to re-share with me.",Engineering,Customer,,,2017-08-02 09:41:06 UTC,2024-03-11 10:05:37 UTC,,;;New Sequence;;;;;;Compassionate - Active Contacts;Zoom vs Teams;;;;;;;;;;;March 2021 - All Contacts;Surface Outreach April;Contacts MicrosoftDirectProgram Leads;,2024-02-09 06:36:47 UTC,,,,2000031227,,2000031255,,2000031227,,,,,,,,2018-08-01 18:30:00 UTC,Microsoft Office 365,,,,,Exisitng Customer
2002219445,Satake India Engineering Pvt. Ltd.,Nov-50,,www.satakeindia.com/c,,,"4TH Floor, HB Twin Tower, Tower-I, A-2,3,4, Netaji Subhash Place,",Wazirpur,New Delhi,110034,INDIA,,,,2024-02-03 06:00:24 UTC,Outgoing email,,Email,2024-02-03 06:00:24 UTC,We have shared our commercial offer with the customer for extension and it is on the negotiation stage. ,,Customer,,,2017-08-02 11:05:09 UTC,2024-02-25 05:48:08 UTC,;,;;New Sequence;;;;;;;;;;Office 365 Offerings - Compassionate Office 365 Delhi NCR with Mobile Numbers;Compassionate - Active Contacts;Compassionate - Delhi NCR without Mobile Number;Zoom vs Teams;;;;;;;;;;;;;;;;;March 2021 - All Contacts;Surface Outreach April;Contacts MicrosoftDirectProgram Leads;,2023-12-22 06:00:08 UTC,,,,2000031227,,2000031255,,2000074157,,,,,,,,,Microsoft Office 365,,,,,
2002219516,RS Components & Controls (India) Ltd,51-200,,in.rsdelivers.com/companyinfo/branches,1204519100,,"B - 74, Sector 60, ",Noida ,Uttar Pradesh,201301,India,,,,2024-02-01 05:28:10 UTC,Email opened by recipient,,Email,2024-02-01 05:28:10 UTC,We have shared our offer with them. Anil said that we are on 2nd number and this time he is not the decision maker. Spoke to Mr. Jitendra as well. He said that he will speak to Anil on this. ,Manufacturing,Customer,,,2017-08-02 11:38:48 UTC,2024-03-07 10:08:20 UTC,;March 2021 - All Contacts,;;New Sequence;;;;;;Compassionate - Active Contacts;Zoom vs Teams;;;;;;;;;;;;March 2021 - All Contacts;Surface Outreach April;Contacts MicrosoftDirectProgram Leads;,2024-02-09 06:36:48 UTC,,,,2000031227,,2000031227,,2000031227,,,,,,,,,Microsoft Office 365,,,,,Workflow Automation - mailer;Focus
2002228590,SS Associates,Nov-50,,,098108 20448,,"C405, Nirvana Courtyard, South City Road, Nirvana Country, Sector 50",Gurgaon,Haryana,122018,India,,,,2019-06-25 08:58:04 UTC,Outgoing call,,Phone,2019-06-25 08:58:04 UTC,"0124-4968556 - No response.
","Food, Beverage & Tobacco",Prospect,,,2017-08-03 05:55:43 UTC,2024-02-27 06:12:23 UTC,March 2021 - All Contacts,;;;;;Surface Outreach April;Contacts MicrosoftDirectProgram Leads;,2023-10-23 08:17:36 UTC,,,,2000079865,,2000031235,,2000079865,,,,,,,,,Others,,,,,
2002228602,Sycamore Software Solution Pvt Ltd,51-200,,www.sycamoresol.com,020 2616 2293,,"2nd Floor, Connaught Place, C.T.S. No. 28, Bund Garden Road",Pune,Maharashtra,411001,India,,,,2024-02-02 06:36:46 UTC,Outgoing email,,Email,2024-02-02 06:36:46 UTC,"Had a word with Mr. Mandaar , they are using MS 365 Apps for Business licenses - they are doing billing online and happy with that/ don;t want to buy offline.

Company profile shared.",Computer,Customer,,,2017-08-03 06:24:58 UTC,2024-02-16 10:46:10 UTC,,Compassionate - Active Contacts;;;;;March 2021 - All Contacts;Surface Outreach April;Contacts MicrosoftDirectProgram Leads;,2023-10-23 08:17:37 UTC,,,,2000079865,,2000031235,,2000079865,,,,,,,,2017-07-13 18:30:00 UTC,Others,,,,,Mohit August 2020
2002239057,KARL STORZ Endoscopy India Private Limited,501-1000,,www.karlstorz.com/be/en/india-new-delhi.htm,,,"11th Floor, Dr. Gopal Das Bhawan 28, Barakhamba Road New Delhi Central Delhi DL 110001 IN",New Delhi,Delhi,110001,India,,,,2024-02-02 06:39:16 UTC,Outgoing email,,Email,2024-02-02 06:39:16 UTC,,Pharmaceuticals,Prospect,,,2017-08-04 06:32:23 UTC,2023-08-21 16:58:57 UTC,;;March 2021 - Contacts,;;Compassionate-Zauba-New Profile;;Compassionate - Active Contacts;;;;;March 2021 - All Contacts;Surface Outreach April;Contacts MicrosoftDirectProgram Leads;,2022-04-15 07:53:13 UTC,,,,2000077892,Manish Gupta,2000031235,,2000077892,Manish Gupta,,,,,,,,Others,,,,,
2002251707,Templatolio Technologies,Nov-50,,www.templatolio.com/contactus.html,'+91-124-2389100/101/102',,"2nd floor, Nr-2 Nathupur Road, Next to Neelkanth Hospital,  DLF Phase 3,",Gurugram,Haryana,122002,India,,,,2024-02-02 06:43:39 UTC,Outgoing email,,Email,2024-02-02 06:43:39 UTC,,Other,Customer,,,2017-08-05 06:15:42 UTC,2023-08-22 16:18:55 UTC,,;;;;;Compassionate - Active Contacts;;;;;March 2021 - All Contacts;Surface Outreach April;Contacts MicrosoftDirectProgram Leads;,2023-08-19 08:12:09 UTC,,,,2000031227,,2000031227,,2000077892,Manish Gupta,,,,,,,,Others,,,,,Exisitng Customer
2002256512,Gravita Exim,201-500,,www.gravitagroup.com,,,,,,,,,,,2019-06-13 05:27:27 UTC,Outgoing email,,Email,2019-06-13 05:27:27 UTC,"SUNIL.KUMAWAT@gravitaindia.com

company profile shared on this mail id. ",Software,Customer,,,2017-08-07 07:36:00 UTC,2023-11-28 11:14:46 UTC,,,2023-10-23 08:17:37 UTC,,,,2000079865,,2000031232,,2000079865,,,,Yes,,,,2017-09-14 18:30:00 UTC,Microsoft Office 365,,,,,
2002289703,Veethree Instruments(Indication Instruments Limited),51-200,,www.veethree.com,,,"Plot no. 19, Sector 6 ",Faridabad.,Haryana,121006,India,,,,2024-02-03 05:59:51 UTC,Outgoing email,,Email,2024-02-03 05:59:51 UTC,They have BE-172 users revision in November and BP-45 users revision in July. Meeting done by Mr. Shabab.,,Prospect,,,2017-08-09 10:25:55 UTC,2023-08-21 12:53:46 UTC,March 2021 - All Contacts,;;;Compassionate - Active Contacts;;;;;March 2021 - All Contacts;Surface Outreach April;Contacts MicrosoftDirectProgram Leads;,2023-08-19 08:11:43 UTC,,,,2000077892,Manish Gupta,2000031252,,2000077892,Manish Gupta,,,,,,,,Microsoft Office 365,,SMB - Commercial,,,
2002303445,HealthFore Technologies Limited,201-500,,www.healthfore.com,,," 8th Square #8, 3rd Floor, Sector-125, Noida, Uttar Pradesh 201301",Noida,,,,,,,2020-09-24 07:36:56 UTC,Outgoing email,,Email,2019-12-31 10:33:01 UTC,,,,,,2017-08-10 04:57:48 UTC,2024-02-21 05:52:05 UTC,;;March 2021 - All Contacts,;;Compassionate - Active Contacts;;;;Surface Outreach April;Surface Lead - April 2021;Leads MicrosoftDirectProgram Leads - Copy;Contacts MicrosoftDirectProgram Leads;;;Leads- Outreach June 2022,2019-01-29 11:34:53 UTC,,,,2000069069,,2000031255,,2000031227,,,,,,,,,,,,,,
2002311535,Quick Sort India Private Limited,201-500,,www.quicksortindia.com,'+91-44-42060297',,"SP-94, SIDCO Industrial Estate, Ambattur, ",Chennai ,Tamil Nadu,600058,India,,,,2023-12-19 12:03:53 UTC,Outgoing email,,Email,2023-12-19 12:03:53 UTC,,Publishing,Prospect,,,2017-08-11 04:34:20 UTC,2024-02-09 06:33:47 UTC,;March 2021 - All Contacts,;New Sequence;;;Zoom vs Teams;;;;March 2021 - All Contacts;Surface Outreach April;Surface Lead - April 2021;Leads MicrosoftDirectProgram Leads - Copy;Contacts MicrosoftDirectProgram Leads;;;Leads- Outreach June 2022,2024-02-09 06:33:48 UTC,,,,2000079865,,2000031227,,2000077892,Manish Gupta,,,,,,,2019-02-08 18:30:00 UTC,Microsoft Office 365,,SMB - Commercial,,,
2002311553,Mobizon Media Pvt. Ltd.,10-Jan,,mobizonmedia.com,'+91-22-28683955',,"1st Floor, Supreme Trade Center Near Ekvira School, Sector -1, Charkop, Kandivali (West), ",Mumbai ,Maharashtra,400067,India,,,,2019-04-25 05:34:50 UTC,Outgoing email,,Email,2019-04-25 05:34:50 UTC,,Other,Prospect,,,2017-08-11 05:17:32 UTC,2023-11-09 06:26:29 UTC,;March 2021 - All Contacts,Compassionate - Active Contacts;Surface Outreach April;Contacts MicrosoftDirectProgram Leads;,,,,,2000031227,,2000031227,,2000077892,Manish Gupta,,,,,,,,Google,,,,,
2002313462,Verdantis Technologies Pvt. Ltd.,,,www.verdantis.com,,,"61 Radius, Road No 13,MIDC, Andheri (East), ",Mumbai ,Maharashtra,400093,India,,,,2019-06-14 10:31:03 UTC,Outgoing email,,Email,2019-06-14 10:31:03 UTC,No details found . Not contacted,Technology,Prospect,,,2017-08-11 05:54:28 UTC,2023-11-29 06:42:23 UTC,;March 2021 - All Contacts,Surface Outreach April;Contacts MicrosoftDirectProgram Leads;,2023-10-23 08:17:37 UTC,,,,2000079865,,2000031252,,2000079865,,,,,,,,2018-05-31 18:30:00 UTC,Microsoft Office 365,,,,,
2002315484,Wed Vriksh / Pinetree Pictures Pvt. Ltd.,Nov-50,,www.pinetreepictures.in,,,"504, 5th Floor, Morya Landmark -I, Off New Link Road, Andheri West, ","Mumbai, ",Maharashtra ,400053,India,,,https://www.linkedin.com/company-beta/3966384/,2020-03-05 05:36:10 UTC,Email opened by recipient,,Email,2020-03-05 05:36:10 UTC,"Share with him EOP Plan , but not any requirement",Other,Customer,,,2017-08-11 10:19:10 UTC,2023-08-19 08:07:33 UTC,;March 2021 - All Contacts,;Surface Outreach April;Contacts MicrosoftDirectProgram Leads;,2023-08-19 08:07:34 UTC,,,,2000077892,Manish Gupta,2000031252,,2000077892,Manish Gupta,,,,,,,,Microsoft Office 365,,,,,
2002315901,TRULY INDIA TOURS & TRAVELS,,,www.trulyindiatours.com,,,"E-1 , Second Floor, Shahpur Jat, ",New Delhi,Delhi,110049,India,,,,2024-02-03 05:59:51 UTC,Outgoing email,,Email,2024-02-03 05:59:51 UTC,"Had a word with Saransh, have to share the commercials for Business Basic - 4 users & Business Standard - 1 user.",Travel,Customer,,,2017-08-11 12:02:43 UTC,2024-03-05 09:44:51 UTC,,;;;;;;;;March 2021 - All Contacts;Surface Outreach April;Contacts MicrosoftDirectProgram Leads;,2023-10-23 08:18:32 UTC,,,,2000079865,,2000031255,,2000079865,,,,,,,,,Microsoft Office 365,,,,,
2002345449,Automat world,201-500,,www.automatworld.in,,,"18-19, Dilshad Garden Road, Pocket R, Dilshad Garden",Delhi,Delhi,110095,India,,,,2024-02-02 06:36:44 UTC,Outgoing email,,Email,2024-02-02 06:36:44 UTC,"call not connected

",Biotechnology,Customer,,,2017-08-12 05:10:55 UTC,2024-02-15 07:42:45 UTC,,;;;;Compassionate - Active Contacts;;;;;March 2021 - All Contacts;Surface Outreach April;Contacts MicrosoftDirectProgram Leads;,2024-02-09 06:33:49 UTC,,,,2000079865,,2000031232,,2000079865,,,,,,,,,,,,,,
2002351546,Tripathi Group,Nov-50,,www.tripathigroup.com,9311988224,,"Unit No 4AC, Hotel J. W. Marriott district center, Fourth floor, Near International airport, Aerocity, ",New Delhi,Delhi,110037, India,,,,2024-02-03 06:00:21 UTC,Outgoing email,,Email,2024-02-03 06:00:21 UTC,,Sports,Customer,Managed Services,,2017-07-14 05:04:05 UTC,2024-03-07 07:47:19 UTC,;,;;New Sequence;;Compassionate - Active Contacts;Zoom vs Teams;;;;;;;;;;March 2021 - All Contacts;Surface Outreach April;Contacts MicrosoftDirectProgram Leads;,2022-04-15 07:53:14 UTC,,,,2000077892,Manish Gupta,2000031255,,2000031227,,,,,,,,2018-06-17 18:30:00 UTC,Microsoft Office 365,,,,,
2002381162,Competent Synergies Private Limited,5001-10000,,www.competentsynergies.comm,'+91-172-5098899',,"C157, Phase 7, Industrial Area,",Mohali ,Punjab,160055,India,,,,2021-05-10 09:12:38 UTC,Outgoing email,,Email,2021-05-10 09:12:38 UTC,,Other,Prospect,,,2017-08-16 09:18:15 UTC,2023-08-21 16:38:42 UTC,;March 2021 - All Contacts,;;New Sequence;;;Compassionate - Active Contacts;;;;;;Surface Outreach April;Contacts MicrosoftDirectProgram Leads;,2023-08-19 08:12:11 UTC,,,,2000031227,,2000031227,,2000077892,Manish Gupta,,,,,,,,Google,,,,,
2002381255,SPAG Consultants Pvt Ltd.,Nov-50,,spag.asia/contact/,'+91-124-4388852',,"701, 7th Floor, Palm Court Building, Sukhrali Chowk, Sector 14, ",Gurugram ,Haryana,122001,India,,,,2023-12-19 11:55:07 UTC,Outgoing email,,Email,2023-12-19 11:55:07 UTC,,Other,Prospect,,,2017-08-16 10:11:15 UTC,2023-11-09 06:28:01 UTC,,;;;;Compassionate - Active Contacts;;;;;March 2021 - All Contacts;Surface Outreach April;Contacts MicrosoftDirectProgram Leads;,,,,,2000031227,,2000031227,,2000077892,Manish Gupta,,,,,,,,Microsoft Office 365,,,,,
2002382021,Lanka Energy Conservation,,,,,,,,,,,,,,2020-06-06 05:36:23 UTC,Outgoing email,,Email,2020-06-06 05:36:23 UTC,,,,,,2017-08-16 14:07:27 UTC,2023-06-08 09:51:27 UTC,;March 2021 - All Contacts,Surface Outreach April;Contacts MicrosoftDirectProgram Leads;,2023-06-08 09:51:28 UTC,,,,2000077892,Manish Gupta,2000007516,,2000077892,Manish Gupta,,,,,,,,,,,,,
2002385233,"Plot No. 221, Sector - 8",10-Jan,,www.atmaautotech.com/contact-us/,,," IMT Manesar,",Haryana,Gurgaon,122050,India,,,,,,,,,,,,,,2017-08-17 11:16:48 UTC,2024-02-03 12:35:42 UTC,,,2022-04-15 07:53:14 UTC,,,,2000077892,Manish Gupta,2000031252,,2000077892,Manish Gupta,,,,,,,2017-09-12 18:30:00 UTC,Microsoft Office 365,,,,,
2002385302,Datasift Private Limited (Wealth-X Mysore),,,wealthx.com,,,,,,,,,,,2019-06-14 10:31:08 UTC,Outgoing email,,Email,2019-06-14 10:31:08 UTC,,Other,Prospect,,,2017-08-17 11:56:15 UTC,2023-09-04 06:53:46 UTC,;March 2021 - All Contacts,Surface Outreach April;Contacts MicrosoftDirectProgram Leads;,2023-09-04 06:53:47 UTC,,,,2000031227,,2000031252,,2000077892,Manish Gupta,,,,,,,2017-08-22 18:30:00 UTC,Microsoft Office 365,,,,,
2002388530,Ramesh Flowers Pvt Ltd,,,www.rameshflowers.com,,,"A-62(A), SIPCOT Industrial Complex, Therku Veerapandiapuram",Tuticorin,Tamil Nadu,628002,India,,,,2024-02-03 06:00:25 UTC,Email opened by recipient,,Email,2024-02-03 06:00:25 UTC,call not answered.,Other,Customer,,,2017-08-18 06:21:15 UTC,2024-02-27 10:15:38 UTC,,;;;;March 2021 - All Contacts;Surface Outreach April;Contacts MicrosoftDirectProgram Leads;,2023-10-23 08:18:33 UTC,,,,2000079865,,2000031252,,2000079865,,,,,,,,,Microsoft Office 365,,,,,
2002394271,Exmar Shipmanagement India Private Limited,10-Jan,,www.exmarshipmanagement.be/our-company/contacts-careers/offices-contacts/,2266424409,,"806, 8th Floor, Powai Plaza Premises CSL, Hiranandani Gardens, Powai,",Mumbai ,Maharashtra,400076,INDIA,,,,2024-02-03 06:00:10 UTC,Outgoing email,,Email,2024-02-03 06:00:10 UTC,"Roshan-' As my IT team will revert as of tomorrow or by next week. Hence, i will connect you by myself for the same. You don't need to call me for the same'.",Other,Customer,,,2017-08-19 06:35:13 UTC,2024-03-14 12:07:23 UTC,,Compassionate - Active Contacts;;;;;March 2021 - All Contacts;Surface Outreach April;Contacts MicrosoftDirectProgram Leads;,2024-02-05 08:45:35 UTC,,,,2000069069,,2000031227,,2000069069,,,,,,,,,Others,,,,,
2002394283,Dimexon Integrated Business Services Pvt. Ltd.,5001-10000,,www.dimexon.com,'+91-22-66367777 Ext: 725',,"Bharat Diamond Bourse BC-9010, Bandra Kurla Complex, Bandra East,",Mumbai ,Maharashtra,400051,India,,,,2020-06-25 07:12:00 UTC,Outgoing email,,Email,2020-06-25 07:12:00 UTC,,Other,Prospect,,,2017-08-19 07:15:22 UTC,2023-08-24 06:54:41 UTC,;March 2021 - All Contacts,;Compassionate - Active Contacts;;;March 2021 - All Contacts;Surface Outreach April;Contacts MicrosoftDirectProgram Leads;,2018-11-26 12:39:34 UTC,,,,2000031227,,2000031227,,2000077892,Manish Gupta,,,,,,,,Others,,,,,
2002394285,Premier Road Carriers Limited,Nov-50,,www.prclimited.co.in/contact.html,'+91-22-67740677',,"901-B Dalamal Towers, Nariman Point,",Mumbai,Maharashtra,400021,India,,,,2024-02-03 06:00:25 UTC,Outgoing email,,Email,2024-02-03 06:00:25 UTC,,Other,,,,2017-08-19 07:24:02 UTC,2024-02-22 05:18:24 UTC,,;Compassionate - Active Contacts;;;;;;;;;March 2021 - All Contacts;Surface Outreach April;Surface Lead - April 2021;Contacts MicrosoftDirectProgram Leads;,2018-11-27 07:13:15 UTC,,,,2000031227,,2000031227,,2000031227,,,,,,,,,Others,,,,,
2002397095,Elogic Tech Solutions India Private Limited,51-200,,www.elogictech.com/index.php/contact-us/,'+91-40-27892176 Ext. 26',,"eLogic Solutions India Pvt Ltd  72 P&T Colony Karkhana, TG , ",Secunderabad,Telangana,500009,India,,,,2024-02-03 05:59:26 UTC,Outgoing email,,Email,2024-02-03 05:59:26 UTC,,Other,Prospect,,,2017-08-21 05:58:53 UTC,2024-02-12 05:25:34 UTC,,;New Sequence;Compassionate - Active Contacts;;;;;;;;;;March 2021 - All Contacts;Surface Outreach April;Contacts MicrosoftDirectProgram Leads;,,,,,2000031227,,2000031227,,2000069069,,,,,,,,,Others,,,,,
2002397141,Sheer Event management Pvt Ltd,Nov-50,,www.sheermanagement.in,'+91-22-43510100',,"11-A, Ground Floor, Rajgrah Bldg, Behind Holy Cross Church, B. M. Marg, Elphinstone (W), ",Mumbai ,Maharashtra,400013,India,,,,2024-02-01 05:28:11 UTC,Outgoing email,,Email,2024-02-01 05:28:11 UTC,,Other,Prospect,,,2017-08-21 06:38:30 UTC,2024-01-29 07:10:21 UTC,,;Compassionate - Active Contacts;;;;;March 2021 - All Contacts;Surface Outreach April;Contacts MicrosoftDirectProgram Leads;,2018-11-27 08:35:52 UTC,,,,2000031227,,2000031227,,2000077892,Manish Gupta,,,,,,,,Others,,,,,
2002411970,Design Indya,51-200,,www.designindya.com,'+91-161-4642371',,"SCF 24-25-26, 2nd Floor, SBS Nagar Market, Pakhowal Road,",Ludhiana,Punjab,141013,India,,,,2024-02-03 06:00:26 UTC,Email opened by recipient,,Email,2024-02-03 06:00:26 UTC,,Other,Prospect,,,2017-08-22 06:31:15 UTC,2024-02-18 12:03:20 UTC,,Compassionate - Active Contacts;;;;;March 2021 - All Contacts;Surface Outreach April;Contacts MicrosoftDirectProgram Leads;,,,,,2000031227,,2000031227,,0,,,,,,,,,Others,,,,,
2002412372,HPL India,201-500,,www.hplindia.com,,," 133, Gurgaon - Delhi Expy, market of sector 10A, Pace City I, Sector 10A, Gurugram, Haryana 122018",Gurugram,Haryana,122018,India,,,,2024-02-01 05:23:14 UTC,Email opened by recipient,,Email,2024-02-01 05:23:14 UTC,"Microsoft Win 10 (25) + Office standard (10)
we lost the deal because we have given our standerad price only but they want final price in single shot .
wich was the only reason they got better discounts from oters.",Electronics,,,,2017-08-22 10:08:21 UTC,2024-02-29 12:25:38 UTC,,;;;;;;March 2021 - All Contacts;Surface Outreach April;Surface Lead - April 2021;Contacts MicrosoftDirectProgram Leads;;;Leads- Outreach June 2022,2024-02-09 06:33:49 UTC,,,,2000079865,,2000031235,,2000074157,,,,,,,,,Others,,,,,New Focus
2002412574,GALIO GRAPHICS,,,galioindia.com,,,"PLOT NO-63, SECTOR-53, H.I.S.D.C., KUNDLI, ",Sonipat, Haryana,131001,India,,,,2020-06-22 05:37:26 UTC,Outgoing email,,Email,2020-06-22 05:37:26 UTC,no response.,,Customer,,,2017-08-22 11:40:37 UTC,2024-02-01 11:47:52 UTC,;March 2021 - All Contacts,Compassionate - Active Contacts;Surface Outreach April;Contacts MicrosoftDirectProgram Leads;,2023-10-23 08:18:33 UTC,,,,2000079865,,2000031255,,2000079865,,,,,,,,,Google,,,,,
2002412618,Network Advertising,51-200,,networkadvtg.com,'+91-22-28313073',,"Network House, G-7, MIDC, Cross Road A, Andheri East, ","Mumbai, ",Maharashtra ,400093,India,,,https://www.linkedin.com/company/network-advertising/?originalSubdomain=in,2024-02-03 06:00:58 UTC,Outgoing email,,Email,2024-02-03 06:00:58 UTC,"Swapneel updated that they do not need anything as of now. Also, they have renewed the subscriptions from another partner.",Service,Customer,,,2017-08-22 12:13:43 UTC,2024-02-20 10:22:26 UTC,;March 2021 - All Contacts,;;New Sequence;;;Compassionate - Active Contacts;;;;;;;;;;;;;;;;;Surface Outreach April;Surface Lead - April 2021;Contacts MicrosoftDirectProgram Leads;;;;Leads- Outreach June 2022,2023-09-20 10:39:32 UTC,,,,2000031227,,2000031255,,2000074157,,,,,,,,,Others,,,,,Rescue
2002425123,Vasant Valley School,51-200,,www.vasantvalley.org,,,"Pocket 7, Sector C, Vasant Kunj, New Delhi, Delhi 110070 ",New Delhi ,Delhi ,110070,India,,,,2024-02-02 06:39:51 UTC,Email opened by recipient,,Email,2024-02-02 06:39:51 UTC,sent a quotation for SMTP of 1301.69 per month,Internet Publishing,Customer,,,2017-08-23 04:34:17 UTC,2024-02-12 04:36:49 UTC,,;;;;Compassionate - Active Contacts;;;;;;March 2021;March 2021 - All Contacts;Surface Outreach April;Contacts MicrosoftDirectProgram Leads;,2023-08-19 07:54:34 UTC,,,,2000077892,Manish Gupta,2000033151,,2000031227,,,,,,,,,Microsoft Office 365,Yearly,SMB - Education,,,
2002425447,Chimes Aviation Pvt Ltd,,,www.caaindia.com,'+91-124-4583830',,"CAA - A division of Chimes Aviation Pvt Ltd. 61, Sector 44 ","Gurgaon,  ",Haryana,122003,India,,,,2020-01-29 10:37:29 UTC,Outgoing email,,Email,2020-01-29 10:37:29 UTC,Receptionist said that no requirements.,,Customer,,,2017-08-23 09:39:35 UTC,2023-08-21 16:32:48 UTC,March 2021 - All Contacts,;;;;;March 2021 - All Contacts;Surface Outreach April;Contacts MicrosoftDirectProgram Leads;,2019-01-29 11:34:54 UTC,,,,2000069069,,2000031255,,2000077892,Manish Gupta,,,,,,,,Microsoft Office 365,,,,,
2002425542,Jindal SAW Limited,501-1000,,www.jindalsaw.com,,,"Jindal SAW Ltd. Jindal Centre, 12 Bhikaiji Cama Place ","New Delhi,",110066, India,India,,,,2024-02-03 06:01:10 UTC,Email opened by recipient,,Email,2024-02-03 06:01:10 UTC,"Business -300(New)
We lost the deal.
because we got this account very late so the customer was able to close that time.
",Machinery,Prospect,,,2017-08-23 11:03:26 UTC,2023-08-19 07:57:06 UTC,March 2021 - Contacts,;;;;;Powerhouse Large Companies Not on O365;;;;;;;;;;;;;;;March 2021 - All Contacts;Surface Outreach April;Contacts MicrosoftDirectProgram Leads;,2023-08-19 07:57:07 UTC,,,,2000077892,Manish Gupta,2000031235,,0,,,,,,,,,Microsoft Office 365,,SMB - Commercial,,,Focus April 2021;Rescue
2002425566,Rishi FIBC Solutions PVT. Ltd.,501-1000,,www.rishifibc.com,,,"Mahuvad-Ranu Road At Ranu (Padra) Vadodara, ",Gujarat,Gujarat,391440, India,,,,2024-02-02 06:43:10 UTC,Email opened by recipient,,Email,2024-02-02 06:43:10 UTC,,Consumer Products,Prospect,,,2017-08-23 11:30:38 UTC,2023-06-08 11:57:35 UTC,,;New Sequence;;Compassionate - Active Contacts;Zoom vs Teams;;;;;;;;;March 2021 - All Contacts;Surface Outreach April;Contacts MicrosoftDirectProgram Leads;,2022-04-15 07:53:17 UTC,,,,2000077892,Manish Gupta,2000031235,,0,,,,,,,,,Microsoft Office 365,,,,,
2002425571,Rohan Developers Pvt Ltd,,,www.rohanlifescapes.com,,,"112-122 Hira Bhavan, Raja Ram Mohan Road, Prarthana Samaj,",,,,,,,,2023-12-20 05:56:38 UTC,Outgoing email,,Email,2023-12-20 05:56:38 UTC,call not answered,Consulting,Prospect,,,2017-08-23 11:36:44 UTC,2023-11-23 09:43:50 UTC,,;;;;March 2021 - All Contacts;Surface Outreach April;Contacts MicrosoftDirectProgram Leads;,2023-10-23 08:18:33 UTC,,,,2000079865,,2000031235,,2000077892,Manish Gupta,,,,,,,2017-10-01 18:30:00 UTC,Others,,,,,
2002425576,Spectrum Pharmatech Consultants Pvt. Ltd,51-200,,www.spectrumpharmatech.com/contact-us/contact-us.html,,,,,,,,,,,2024-02-01 05:28:51 UTC,Outgoing email,,Email,2024-02-01 05:28:51 UTC,Number not valid now / company profile shared,Other,Prospect,,,2017-08-23 11:42:21 UTC,2023-11-29 07:22:09 UTC,,;;;;March 2021 - All Contacts;Surface Outreach April;Contacts MicrosoftDirectProgram Leads;,2023-10-23 08:18:33 UTC,,,,2000079865,,2000031235,,2000077892,Manish Gupta,,,,,,,2017-08-30 18:30:00 UTC,Others,,,,,
2002425631,Kapsons Solutions Pvt Ltd,,,www.kapsonsolutions.com,,,,,,,,,,,2021-11-08 05:14:55 UTC,Incoming email,,Email,2021-11-08 05:14:55 UTC,They are using Microsoft 365 Apps for Business for 40 users.,Consulting,Prospect,,,2017-08-23 12:23:20 UTC,2024-02-20 11:04:28 UTC,;March 2021 - All Contacts,Surface Outreach April;Contacts MicrosoftDirectProgram Leads;,2024-02-20 11:04:29 UTC,,,,2000069069,,2000031235,,2000077892,Manish Gupta,,,,,,,2017-09-02 18:30:00 UTC,Others,,,,,Workflow Automation - mailer;Exisitng Customer
2002429943,Kalahanu Retail Venture Limited,Nov-50,,www.kalahanu.com/contact.html,'+91-135-2729770',,"45-A, Malviya Road, ",Dehradun,Uttarakhand,248001,India,,,,2020-12-14 05:03:56 UTC,Email opened by recipient,,Email,2020-12-14 05:03:56 UTC,,Other,Prospect,,,2017-08-23 16:23:09 UTC,2024-03-05 06:44:38 UTC,;March 2021 - All Contacts,;;New Sequence;Compassionate - Active Contacts;;;;;;;;;;Surface Outreach April;Contacts MicrosoftDirectProgram Leads;,2019-05-24 11:22:38 UTC,,,,2000031227,,2000031232,,2000079865,,,,,,,,,Google,,,,,Mohit June 2020
2002438522,Intone Networks (India) Pvt. Ltd.,501-1000,,intonenetworks.in/ContactUs.aspx,'+91-40-42210000',,"202, Mayfair Building, S.P. Road, Begumpet,",Hyderabad ,Andhra Pradesh,500003,India,,,,2024-02-03 06:00:39 UTC,Outgoing email,,Email,2024-02-03 06:00:39 UTC,Anil has conveyed that he has not yet reviewed the email. He will check and revert if there is anything.,Technology,Prospect,,,2017-08-24 05:25:38 UTC,2024-02-21 10:18:41 UTC,,;;New Sequence;Compassionate - Active Contacts;Zoom vs Teams;;;;;;;;;;March 2021 - All Contacts;Surface Outreach April;Surface Lead - April 2021;Contacts MicrosoftDirectProgram Leads;;;;Leads- Outreach June 2022,2024-02-09 10:01:03 UTC,,,,2000031227,,2000031227,,2000031227,,,,,,,,,Others,,,,,
2002439314,Toonz Animation India Pvt. Ltd,201-500,,www.hplindia.com/contactus.aspx,,,,,,,India,,,,2024-02-01 05:25:18 UTC,Email opened by recipient,,Email,2024-02-01 05:25:18 UTC,"Jeevan closed on below prices in OPEN
Business- 5050
Business Pre- 7400",Other,Prospect,,,2017-08-24 09:38:14 UTC,2023-06-08 11:57:35 UTC,,;;;;March 2021 - All Contacts;Surface Outreach April;Contacts MicrosoftDirectProgram Leads;,2022-04-15 07:53:20 UTC,,,,2000077892,Manish Gupta,2000031235,,0,,,,,,,,2017-10-01 18:30:00 UTC,Google,,,,,
2002439365,Carpro Systems India Pvt Ltd,51-200,,www.carprosystems.com,020 6649 8400,,"A Wing, Unit No A/503-504, 5th Floor Pune It Park, Bopodi Pune",Pune,Maharashtra,411020,India,,,,2024-02-01 05:25:32 UTC,Outgoing email,,Email,2024-02-01 05:25:32 UTC,Renewal in November- shared the company profile.,Consulting,Prospect,,,2017-08-24 10:12:40 UTC,2024-02-15 08:07:12 UTC,,;;;;March 2021 - All Contacts;Surface Outreach April;Contacts MicrosoftDirectProgram Leads;,2024-02-09 06:33:49 UTC,,,,2000079865,,2000031235,,2000079865,,,,,,,,2017-11-02 18:30:00 UTC,Microsoft Office 365,,,,,
2002439379,Max Institute of Health Education & Research,,,miher.edu.in,,,"Plot No. 4A, Sector Institutional Green, Opposite NTPC, Near Crown Plaza, Lakhnawali, ",Greater Noida,Uttar Pradesh,201306,India,,,,2021-11-29 05:35:20 UTC,Outgoing email,,Email,2021-11-29 05:35:20 UTC,"the It person sent a proposal to the management regarding the training, but the management denied for any extra expenses",,Customer,,,2017-08-24 10:26:37 UTC,2024-02-09 06:33:48 UTC,,;;;;Compassionate - Active Contacts;;;;;March 2021 - All Contacts;Surface Outreach April;Contacts MicrosoftDirectProgram Leads;,2024-02-09 06:33:49 UTC,,,,2000079865,,2000033151,,2000077892,Manish Gupta,,,,,,,,Microsoft Office 365,,,,,
2002441330,Hical Technologies (P) Ltd.,501-1000,,www.hical.com/contact-us.php,'+91-80-661 89681',,"46 & 47, Phase 2, Electronics City, Hosur Road, ",Bangalore ,Karnataka,560100,India,,,,2024-02-01 05:29:46 UTC,Outgoing email,,Email,2024-02-01 05:29:46 UTC,,Other,Prospect,,,2017-08-24 16:35:59 UTC,2023-11-09 06:25:34 UTC,,Compassionate - Active Contacts;;;;;March 2021 - All Contacts;Surface Outreach April;Contacts MicrosoftDirectProgram Leads;,,,,,2000031227,,2000031227,,2000077892,Manish Gupta,,,,,,,,Microsoft Office 365,,,,,
2002442886,Rural Broadband Pvt Ltd || AirJaldi Networks,51-200,,airjaldi.com/company/,'+91-9882268068',,"Dolma Chowk, Mcleodganj,  ",Dharamshala,Himachal Pradesh,176219,India,,,,2024-02-01 05:25:19 UTC,Email opened by recipient,,Email,2024-02-01 05:25:19 UTC,,Computer,Prospect,,,2017-08-25 04:37:28 UTC,2023-11-09 06:28:01 UTC,,Compassionate - Active Contacts;;;;;March 2021 - All Contacts;Surface Outreach April;Contacts MicrosoftDirectProgram Leads;,,,,,2000031227,,2000031227,,0,,,,,,,,,Google,,,,,
2002442895,EngineersGarage,10-Jan,,www.engineersgarage.com/contact,,,"EngineersGarage B-3, Jai Jawan Colony-1, JLN Marg,",Jaipur,Rajasthan,302018,India,,,,2019-12-23 04:47:15 UTC,Outgoing email,,Email,2019-12-23 04:47:15 UTC,,Other,Prospect,,,2017-08-25 05:12:12 UTC,2023-11-09 06:25:34 UTC,;March 2021 - All Contacts,Surface Outreach April;Contacts MicrosoftDirectProgram Leads;,,,,,2000031227,,2000031227,,2000077892,Manish Gupta,,,,,,,,Google,,,,,
2002442898,Grazitti Interactive,201-500,,www.grazitti.com/contactus/,'+91-172-5048500',,"#271, 1st Floor, Industrial Area Phase 2, ",Panchkula,Haryana ,134113,India,,,,2024-02-02 06:40:18 UTC,Email opened by recipient,,Email,2024-02-02 06:40:18 UTC,,Technology,Prospect,,,2017-08-25 05:26:12 UTC,2023-11-09 06:25:34 UTC,,Compassionate - Active Contacts;;;;;March 2021 - All Contacts;Surface Outreach April;Contacts MicrosoftDirectProgram Leads;,,,,,2000031227,,2000031227,,0,,,,,,,,,Google,,,,,
2002442996,Tonbo Imaging Pvt Ltd,51-200,,tonboimaging.com/tonbo/,,,,,,,,,,,2024-02-01 05:29:48 UTC,Email opened by recipient,,Email,2024-02-01 05:29:48 UTC,"Revision- 80 Busienss 
we lost this deal because they want to purchase in OPEN Mode so they got the price of 3,400 with local vendor.",Defense,Prospect,,,2017-08-25 05:43:42 UTC,2023-06-08 11:52:51 UTC,,;;;;March 2021 - All Contacts;Surface Outreach April;Contacts MicrosoftDirectProgram Leads;,2022-04-15 07:53:21 UTC,,,,2000077892,Manish Gupta,2000031235,,0,,,,,,,,2017-10-19 18:30:00 UTC,Google,,,,,
2002443288,Amazing Holidays,Nov-50,,amazingholidaysblr.com,,,,,,,,,,,2019-04-29 07:20:55 UTC,Outgoing email,,Task,2019-07-17 07:35:41 UTC,,Transportation,Prospect,,,2017-08-25 09:53:35 UTC,2023-09-04 06:26:37 UTC,;March 2021 - All Contacts,Surface Outreach April;Contacts MicrosoftDirectProgram Leads;,2023-09-04 06:26:38 UTC,,,,2000031227,,2000031235,,2000077892,Manish Gupta,,,,,,,,Google,,,,,
2002446510,Madhusudan Auto Limited,51-200,,www.bestgroup.co.in/contact-us.aspx,'+91-124-4841900',,"38km Stone, Delhi Jaipur Highway, Behrampura Road, Village Khandsa, Behrampura Road, ",Gurugram,Haryana ,122001,India,,,,2024-02-03 06:01:18 UTC,Outgoing email,,Email,2024-02-03 06:01:18 UTC,"These are group of companies like:
1. Bestgroup
2. Best Koki Automotive Pvt. Ltd.
3. Madhusudan Auto Limited
4. Bestec
etc.
Had a word with Prashant, he said that he has left the organization way back. Most of the IT team members have left. He has no idea about the current person here. ",Manufacturing,Customer,,,2017-08-28 11:05:35 UTC,2023-09-14 10:48:40 UTC,March 2021 - All Contacts,;;New Sequence;;;;;;;Compassionate - Active Contacts;;;;;;;;Surface Outreach April;Surface Lead - April 2021;Contacts MicrosoftDirectProgram Leads;;;Leads- Outreach June 2022,,,,,2000031227,,2000031227,,2000077892,Manish Gupta,,,,,,,,Others,,,,,
2002449247,Advanced Technology Consulting Services Pvt Ltd (ATCS),Nov-50,,www.atcs.com,,,"702, 7th Floor SDC Vinay, 38-39 Mauji Colony, Malviya Nagar Jaipur, Rajasthan 302017 India",Jaipur,Rajasthan,302017,,,,,2024-02-03 06:00:40 UTC,Email opened by recipient,,Email,2024-02-03 06:00:40 UTC,,Technology,,,,2017-08-29 06:18:10 UTC,2024-02-09 06:28:56 UTC,;March 2021 - Contacts,;;New Sequence;;;;;Compassionate - Active Contacts;Zoom vs Teams;;;;;;;;;;;;;;;;;;;;;;;;;;;;March 2021 - All Contacts;Surface Outreach April;Contacts MicrosoftDirectProgram Leads;,2024-02-09 06:28:57 UTC,,,,2000031227,,2000031235,,2000077892,Manish Gupta,,,,,,,,Microsoft Office 365,,SMB - Commercial,,,Workflow Automation - mailer;Exisitng Customer
2002449500,YS Communications Pvt. Ltd.,Nov-50,,yscommunications.net/contact-us.html,,,"Plot No. 29, 30, 31 ,Trimulgherry X Road,- ",Secunderabad ,Andhra Pradesh,500015,India,,,,2020-02-24 05:35:12 UTC,Email opened by recipient,,Email,2020-02-24 05:35:12 UTC,,Telecommunications,Prospect,,,2017-08-29 09:58:54 UTC,2023-11-09 06:28:02 UTC,;March 2021 - All Contacts,;Compassionate - Active Contacts;Surface Outreach April;Contacts MicrosoftDirectProgram Leads;,,,,,2000031227,,2000031227,,2000077892,Manish Gupta,,,,,,,,Others,,,,,
2002449741,Smartlink Network Systems Ltd,,,smartlink.co.in,'+91-22-30616666',,"Smartlink House, Plot # 5, Kurla-Bandra Complex Road, Off CST Road, Santacruz(East)",Mumbai,Maharashtra,400098,India,,,,2024-02-02 06:39:51 UTC,Outgoing email,,Email,2024-02-02 06:39:51 UTC,they have told that they do not have any requirement at the moment,Other,Prospect,,,2017-08-29 12:15:42 UTC,2023-08-19 07:54:34 UTC,,Compassionate - Active Contacts;;;;;March 2021 - All Contacts;Surface Outreach April;Contacts MicrosoftDirectProgram Leads;,2023-08-19 07:54:35 UTC,,,,2000077892,Manish Gupta,2000033151,,2000077892,Manish Gupta,,,,,,,,Microsoft Office 365,,,,,
2002454702,Antara Purukul Senior Living Ltd.,51-200,,antaraseniorliving.com,,,"No. 2, Purukul Road, Guniyal Gaon, ","Dehradun, ",Uttarakhand ,248001,India,,,,2020-06-07 05:35:31 UTC,Outgoing email,,Email,2020-06-07 05:35:31 UTC,"CSP add by Akshit, and also complimentry support for 30 days.",,Customer,,,2017-08-30 07:08:57 UTC,2023-09-04 06:34:29 UTC,;March 2021 - All Contacts,Compassionate - Active Contacts;Surface Outreach April;Contacts MicrosoftDirectProgram Leads;,2023-09-04 06:34:30 UTC,,,,2000069069,,2000031252,,2000077892,Manish Gupta,,,,,,August,2022-07-31 18:30:00 UTC,Microsoft Office 365,,,,,Mohit August 2021;Compassionate Referral March 2021
2002454713,Gopal Group,51-200,,gopalcorp.com/contactus.html,,,Wazirpur Industrial Area ,New Delhi,,,,,,,2024-02-01 05:29:38 UTC,Email opened by recipient,,Email,2024-02-01 05:29:38 UTC,Revision- 46 Business .lost the deal.customer donyt want to change the partner.,Consumer Products,Prospect,,,2017-08-30 07:20:47 UTC,2024-02-21 09:01:14 UTC,,New Sequence;;;;;;;;;;;;March 2021 - All Contacts;Surface Outreach April;Surface Lead - April 2021;Contacts MicrosoftDirectProgram Leads;;;Leads- Outreach June 2022,2023-08-19 08:06:43 UTC,,,,2000077892,Manish Gupta,2000031235,,2000074157,,,,,,,,,Google,,SMB - Commercial,,,
2002470512,Nexsales Solutions,51-200,,www.nexsales.com,,,,,,,,,,,2024-02-01 05:25:35 UTC,Outgoing email,,Email,2024-02-01 05:25:35 UTC,Number not in use . Shared the company profile .,Consulting,Prospect,,,2017-08-31 06:07:25 UTC,2023-11-27 08:50:52 UTC,,;;;;March 2021 - All Contacts;Surface Outreach April;Contacts MicrosoftDirectProgram Leads;,2023-10-23 08:18:33 UTC,,,,2000079865,,2000031235,,2000077892,Manish Gupta,,,,,,,,Microsoft Office 365,,,,,
2002470591,foetron,,,,,,,,,,,,,,,,,,,,,,,,2017-08-31 07:29:45 UTC,2023-08-19 07:55:53 UTC,,,2023-08-19 07:55:54 UTC,,,,2000077892,Manish Gupta,2000033151,,2000077892,Manish Gupta,,,,,,,,,,,,,
2002473791,Streamline Healthcare Solutions Pvt Ltd,51-200,,www.streamlinehealthcare.com/about-us/contact-us/,,,"Product Innovation Center  T5-T8, 3rd Fl., Alpha Block, Sigma Soft Tech Park ",,,,India,,,,2024-01-16 08:06:25 UTC,Email opened by recipient,,Email,2024-01-16 08:06:25 UTC,"Given number not in use , company profile shared .",Computer,Prospect,,,2017-09-01 05:53:48 UTC,2023-11-27 09:19:16 UTC,,;;;;March 2021 - All Contacts;Surface Outreach April;Contacts MicrosoftDirectProgram Leads;,2023-10-23 08:18:34 UTC,,,,2000079865,,2000031235,,0,,,,,,,,2017-10-17 18:30:00 UTC,Google,,,,,
2002474197,MAIT,Nov-50,,mait.com/contact-us.html,,,"PSP Area, Plot No. 1, Sector-22, Rohini, Delhi-110086 INDIA.",Delhi,Delhi,110016,India,,,,2024-02-03 06:00:44 UTC,Outgoing email,,Email,2024-02-03 06:00:44 UTC,Not Answering.,Other,,,,2017-09-01 09:48:40 UTC,2024-02-23 12:55:38 UTC,;March 2021 - Contacts,;;New Sequence;;;;;;;;Compassionate - Active Contacts;Zoom vs Teams;;;;;;;;;;;;;March 2021 - All Contacts;Surface Outreach April;Contacts MicrosoftDirectProgram Leads;;;Leads- Outreach June 2022,2023-09-22 09:05:29 UTC,,,,2000069069,,2000031235,,2000069069,,,,,,,,2018-05-09 18:30:00 UTC,Microsoft Office 365,,,,,
2002474458,FoodWorld Supermarkets Ltd.,,,www.food-world.in/contact/,'+91-80-39880707',,"No. 740, Eswari Industrial Estate Gate No. 2, Hulimavu, Bannerghatta Road,",Bangalore ,Karnataka,560076,India,,,,2019-06-08 06:08:41 UTC,Outgoing email,,Email,2019-06-08 06:08:41 UTC,"Mr. Vimal said that there are few more licenses to be purchased. So, he will confirm the quantities in the next week and then we have to share with him the final proposal. Have to call him on Monday (6th November 2017).",,Prospect,,,2017-09-01 12:36:08 UTC,2023-11-09 06:25:34 UTC,;March 2021 - All Contacts,Compassionate - Active Contacts;Surface Outreach April;Contacts MicrosoftDirectProgram Leads;,,,,,2000031227,,2000031227,,2000077892,Manish Gupta,,,,,,,,Rediff,,,,,
2002478739,Creative Travel Pvt. Ltd.,201-500,,www.creative.travel/contacts/,1244567777,,"283, Udyog Vihar, Phase-II,",Gurugram,Haryana ,122016,India,,,,2024-02-03 05:59:59 UTC,Email opened by recipient,,Email,2024-02-03 05:59:59 UTC,We have shared our commercial offer with the customer for extension and it is on the follow-up stage.,Hospitality,Customer,,,2017-09-02 04:56:15 UTC,2024-02-18 14:14:45 UTC,;,;;New Sequence;;;;;;;;Compassionate - Active Contacts;Compassionate - Delhi NCR without Mobile Number;Zoom vs Teams;;;;;March 2021 - All Contacts;Surface Outreach April;Contacts MicrosoftDirectProgram Leads;,2023-12-22 06:01:24 UTC,,,,2000031227,,2000031227,,0,,,,,,,,2017-12-22 18:30:00 UTC,Microsoft Office 365,,SMB - Commercial,,,
2002478762,Big Blue Banyan India Pvt. Ltd.,Nov-50,,www.bigbluebanyan.com,,,"Site No 19 & 18, Kothanur V, K R Pura Hobli, ",Bangalore ,Karnataka,560077,India,,,,2024-02-01 05:29:31 UTC,Email opened by recipient,,Email,2024-02-01 05:29:31 UTC,,Other,Customer,,,2017-09-02 06:39:36 UTC,2024-02-09 06:36:47 UTC,,;Compassionate - Active Contacts;;;;;March 2021 - All Contacts;Surface Outreach April;Contacts MicrosoftDirectProgram Leads;,2024-02-09 06:36:48 UTC,,,,2000031227,,2000031227,,2000077892,Manish Gupta,,,,,,,2017-10-15 18:30:00 UTC,Microsoft Office 365,,,,,Exisitng Customer
2002478777,Watrana Traction Company,Nov-50,,www.forkliftspares.com,,,,,,,,,,,2024-02-01 05:29:49 UTC,Outgoing email,,Email,2024-02-01 05:29:49 UTC,,Automotive,Prospect,,,2017-09-02 07:30:12 UTC,2023-12-21 09:44:34 UTC,March 2021 - Contacts,;;;;;;;;;March 2021 - All Contacts;Surface Outreach April;Contacts MicrosoftDirectProgram Leads;,2023-12-21 09:44:35 UTC,,,,2000031227,,2000031235,,2000077892,Manish Gupta,,,,,,,2017-10-09 18:30:00 UTC,Rediff,,,,,
2002478793,Hans Infomatic Pvt Ltd.,Nov-50,,www.hansinfomatic.com/pages/index.htm,,,,,,,,,,,2024-02-01 05:29:50 UTC,Outgoing email,,Email,2024-02-01 05:29:50 UTC,Call not answered.,Other,Prospect,,,2017-09-02 08:04:47 UTC,2023-11-23 10:10:39 UTC,March 2021 - Contacts,;;;;;;;;;March 2021 - All Contacts;Surface Outreach April;Contacts MicrosoftDirectProgram Leads;,2023-10-23 08:18:34 UTC,,,,2000079865,,2000031235,,2000077892,Manish Gupta,,,,,,,2017-10-29 18:30:00 UTC,Others,,,,,
2002489788,Global Product Compliance Consultancy Services (PCCS),Nov-50,,www.globalpccs.com,'+91-9740000662',,"Product Compliance Consultancy Services #33, 13th Cross, Sai Plaza 3rd Floor, Malagala Service Road, Nagarbhavi Ring Road,",Bangalore,Karnataka,560091,India,,,,2024-02-01 05:25:38 UTC,Email opened by recipient,,Email,2024-02-01 05:25:38 UTC,Not Answering.,Computer,Prospect,,,2017-09-04 04:56:55 UTC,2024-03-01 11:23:37 UTC,,Compassionate - Active Contacts;;;;;;;March 2021 - All Contacts;Surface Outreach April;Surface Lead - April 2021;Contacts MicrosoftDirectProgram Leads;,2024-02-22 05:59:42 UTC,,,,2000069069,,2000031235,,2000069069,,,,,,,,,Microsoft Office 365,,,,,
2002494639,The Hindu,,,,,,,,,,,,,,2024-02-02 06:40:19 UTC,Outgoing email,,Email,2024-02-02 06:40:19 UTC,Company profile shared. Not able to connect,,,,,2017-09-04 12:00:46 UTC,2023-11-28 09:43:23 UTC,,Compassionate - Active Contacts;;;;;March 2021 - All Contacts;Surface Outreach April;Contacts MicrosoftDirectProgram Leads;,2023-10-23 08:18:34 UTC,,,,2000079865,,2000031235,,2000077892,Manish Gupta,,,,,,,,,,,,,
2002503808,Maratha Oil Refinery,,,,,,"E/41, Mayoor 3RD Floor, Mtnl College Lane, Dadar (West)",Mumbai,Maharashtra,400028,India,,,,,,,,,Trying to find the new names.,Biotechnology,Customer,,,2017-09-06 06:48:51 UTC,2024-02-16 05:08:27 UTC,,,2024-02-09 06:33:49 UTC,,,,2000079865,,2000031235,,2000079865,,,,,,,,,,,,,,
